Name ;Surname;Age;ccaa_id;Province Name
Adriana; Rivas;47;2;Aragón
Alberto; Cordero;50;9;Cataluña
Alejandro; Montoya;61;9;Cataluña
Alicia; Durán;30;16;País Vasco
Ana; Fernández;65;7;Castilla y León
Andrés; López;50;1;Andalucía
Antonio; Vega;21;14;Murcia
Araceli; Ruiz;48;8;Castilla La Mancha
Beatriz; Torres;29;1;Andalucía
Benito; Moreno;30;13;Madrid
Blanca; Sánchez;36;1;Andalucía
Carlos; González;35;14;Murcia
Carmen; Martínez;59;1;Andalucía
Cecilia; Navarro;28;1;Andalucía
César; Díaz;45;1;Andalucía
Clara; García;53;8;Castilla La Mancha
Claudia; Ortiz;27;17;La rioja
Cristóbal; Castillo;40;9;Cataluña
Daniel; Peña;18;9;Cataluña
David; Jiménez;24;13;Madrid
Diego; Morales;40;1;Andalucía
Dolores; Soto;47;10;Valencia
Eduardo; Guerrero;34;9;Cataluña
Elena; Castro;58;9;Cataluña
Elisa; Vargas;56;1;Andalucía
Enrique; Flores;43;13;Madrid
Ernesto; Romero;55;12;Galicia
Esperanza; Aguilar;22;14;Murcia
Esteban; Molina;56;11;Extremadura
Esther; Hernández;43;13;Madrid
Eva; Pacheco;22;9;Cataluña
Fabián; Núñez;59;13;Madrid
Felipe; Campos;42;9;Cataluña
Fernando; Guzmán;34;9;Cataluña
Francisco; Mendoza;59;8;Castilla La Mancha
Gabriel; Cabrera;26;1;Andalucía
Gerardo; Reyes;30;1;Andalucía
Gloria; Gallegos;23;7;Castilla y León
Gonzalo; Fuentes;39;14;Murcia
Guillermo; Vega;45;5;Canarias
Inés; Serrano;34;11;Extremadura
Irene; Miranda;35;16;País Vasco
Isabel; Ríos;20;10;Valencia
Ismael; Barrios;33;4;Baleares
Jaime; Vázquez;50;13;Madrid
Javier; Arroyo;40;3;Asturias
Jesús; Rivera;52;16;País Vasco
Joaquín; López;40;1;Andalucía
Jorge; Medina;31;12;Galicia
José; Ramírez;41;9;Cataluña
Juan; Fernández;29;13;Madrid
Julia; Jiménez;39;9;Cataluña
Julio; Ortiz;61;9;Cataluña
Laura; Rodríguez;30;4;Baleares
Leandro; Pérez;26;9;Cataluña
Leonardo; López;30;3;Asturias
Lidia; Sánchez;59;4;Baleares
Lourdes; Gómez;48;3;Asturias
Lucas; García;27;16;País Vasco
Luis; Torres;57;1;Andalucía
Luz; González;22;1;Andalucía
Manuel; Castro;26;8;Castilla La Mancha
Marcos; Reyes;25;11;Extremadura
Margarita; Ramos;29;12;Galicia
María; Hernández;31;15;Navarra
Mariana; Moreno;60;5;Canarias
Maribel; Jiménez;45;13;Madrid
Mario; Flores;43;14;Murcia
Marta; Ruiz;31;16;País Vasco
Martín; González;43;1;Andalucía
Mateo; Pérez;30;2;Aragón
Matilde; García;62;7;Castilla y León
Mercedes; Castillo;24;11;Extremadura
Miguel; Ortiz;29;10;Valencia
Mónica; Torres;34;14;Murcia
Natalia; Sánchez;33;1;Andalucía
Nicolás; Ramírez;58;9;Cataluña
Nuria; González;19;10;Valencia
Octavio; Vargas;40;4;Baleares
Olivia; García;47;7;Castilla y León
Óscar; Ortiz;28;16;País Vasco
Pablo; Sánchez;41;10;Valencia
Paloma; Hernández;58;8;Castilla La Mancha
Paola; Romero;31;12;Galicia
Patricia; Flores;47;1;Andalucía
Paula; Ruiz;54;1;Andalucía
Pedro; García;36;1;Andalucía
Pilar; Rodríguez;27;9;Cataluña
Rafael; Fernández;42;9;Cataluña
Ramón; Torres;43;1;Andalucía
Raquel; Pérez;43;8;Castilla La Mancha
Remedios; Ruiz;65;13;Madrid
Ricardo; Sánchez;38;10;Valencia
Roberto; Torres;49;10;Valencia
Rocío; García;52;1;Andalucía
Rodrigo; Ortiz;46;1;Andalucía
Rosa; Hernández;25;15;Navarra
Rosalía; Sánchez;57;9;Cataluña
Rubén; López;49;18;Ceuta y Melilla
Salvador; Torres;50;1;Andalucía
Santiago; Rodríguez;45;13;Madrid
Sara; García;37;17;La rioja
Sebastián; Torres;24;15;Navarra
Sergio; Hernández;46;11;Extremadura
Silvia; Sánchez;40;6;Cantabria
Simón; Ruiz;33;1;Andalucía
Sofía; López;24;11;Extremadura
Sonia; Ortiz;43;1;Andalucía
Susana; Moreno;59;8;Castilla La Mancha
Tania; González;54;5;Canarias
Teresa; Ramírez;23;8;Castilla La Mancha
Tomás; Fernández;44;11;Extremadura
Valentina; Castillo;19;8;Castilla La Mancha
Valentín; Soto;30;10;Valencia
Vanessa; Flores;60;14;Murcia
Verónica; Núñez;57;8;Castilla La Mancha
Vicente; Ortiz;25;7;Castilla y León
Víctor; Martínez;18;11;Extremadura
Victoria; García;30;16;País Vasco
Virginia; Romero;38;10;Valencia
Ximena; Castro;61;16;País Vasco
Yolanda; Vega;55;9;Cataluña
Zenaida; Torres;58;10;Valencia
Abel; Martínez;57;16;País Vasco
Adela; Fernández;37;13;Madrid
Adolfo; Rodríguez;41;2;Aragón
Agustín; Sánchez;64;1;Andalucía
Aitor; Ortiz;31;13;Madrid
Alba; García;47;6;Cantabria
Alejandra; Castro;35;2;Aragón
Alejandro; Vargas;65;10;Valencia
Alfonso; Ramírez;20;10;Valencia
Alicia; López;25;10;Valencia
Almudena; Ruiz;44;12;Galicia
Álvaro; Hernández;33;1;Andalucía
Amalia; Torres;24;15;Navarra
Ana María; González;62;2;Aragón
Andrés; García;60;8;Castilla La Mancha
Ángela; Moreno;41;7;Castilla y León
Aníbal; Ortiz;40;1;Andalucía
Antonia; Sánchez;20;12;Galicia
Armando; Flores;38;1;Andalucía
Asunción; Castro;42;1;Andalucía
Aurora; Ortiz;60;13;Madrid
Avelina; Fernández;45;16;País Vasco
Axel; Torres;53;13;Madrid
Bárbara; García;48;14;Murcia
Basilio; López;38;2;Aragón
Belén; Ramírez;27;9;Cataluña
Benjamín; Fernández;56;4;Baleares
Bernardo; Castro;53;9;Cataluña
Blas; Sánchez;53;1;Andalucía
Bruno; Ortiz;24;9;Cataluña
Camila; García;37;6;Cantabria
Candela; Torres;65;10;Valencia
Carlos Manuel; Rodríguez;40;4;Baleares
Carolina; García;50;1;Andalucía
Cayetano; Sánchez;31;1;Andalucía
Celia; López;38;12;Galicia
César Manuel; Ortiz;55;6;Cantabria
Chantal; Vargas;24;5;Canarias
Christian; Hernández;32;10;Valencia
Clara Isabel; Torres;29;2;Aragón
Claudio; García;53;9;Cataluña
Concepción; Romero;28;1;Andalucía
Conrado; Fernández;31;13;Madrid
Consuelo; Sánchez;30;13;Madrid
Cristian; Ortiz;54;4;Baleares
Cristóforo; Pérez;26;13;Madrid
Cristina; Ruiz;23;15;Navarra
Damián; García;65;1;Andalucía
Daniel; Hernández;55;3;Asturias
Daniela; Torres;19;12;Galicia
David Alejandro; Ramírez;25;3;Asturias
Dayana; Sánchez;27;10;Valencia
Débora; López;33;4;Baleares
Diego Manuel; Ortiz;40;14;Murcia
Domingo; Castro;26;3;Asturias
Dulce María; González;40;16;País Vasco
Edelmira; Hernández;61;1;Andalucía
Edgar; Torres;44;5;Canarias
Edgardo; García;50;2;Aragón
Eduardo Manuel; Sánchez;47;14;Murcia
Elba; Ruiz;53;2;Aragón
Elena María; Fernández;31;9;Cataluña
Elías; Ortiz;35;16;País Vasco
Elvira; Castro;30;1;Andalucía
Emilia; Sánchez;60;9;Cataluña
Emilio; López;36;14;Murcia
Emma; Ramírez;23;1;Andalucía
Enrique Manuel; García;50;3;Asturias
Erika; Torres;23;7;Castilla y León
Ernestina; Fernández;25;9;Cataluña
Ernesto Manuel; Ortiz;34;3;Asturias
Esperanza María; Rodríguez;64;7;Castilla y León
Estela; García;55;7;Castilla y León
Estrella; López;31;4;Baleares
Santiago; García;62;5;Canarias
Sara; Ruiz;26;9;Cataluña
;;;;